Name,Avg
CNN_testdata,0.9946743802023662
no1,0.29779039349079356
