Name,Avg
lstm_no1,0.21854576370014972
FNN,0.2235299838450505
CNN_testdata,0.8459235132190887
