Name,Avg
CNN_testdata,0.9946743802023662
FNN,0.29779039349079356
lstm_no1,0.2020276756794601
