Name,Avg
lstm_no1,0.21854576370014972
FNN,0.29779039349079356
CNN_testdata,0.8459235132190887
